ticket,title,role,h_min,c_min,actual_min,delta_h_min,delta_c_min,started_iso,finished_iso,closed_commit,notes,agent,insertions,deletions,files_changed,net_loc,total_loc,commit_date,cross_repo,issue_created,issue_closed,f_worktree,f_overrun,f_test_loop,f_retro_c,f_crossrepo_note,c_ratio,h_ratio,span_min,lead_min
119,assembler.js (a) lifecycle/output term inventory,WRITER,60,,10,-50,,,2026-05-28T11:58:35-10:00,cad1755,first spike; warm-up cost; read 600L + populated section (a),,65,2,1,63,67,2026-05-28T11:58:35-10:00,false,2026-05-28T21:52:24Z,2026-05-28T21:58:39Z,false,false,false,false,false,,6.0,,
120,assembler.js (b) pass model + file parsing term inventory,WRITER,60,,16,-44,,,2026-05-28T12:14:10-10:00,cfe2348,included filing 3 follow-up puzzles for #119 findings,,47,2,1,45,49,2026-05-28T12:14:10-10:00,false,2026-05-28T21:52:26Z,2026-05-28T22:14:14Z,false,false,false,false,false,,3.75,,
121,assembler.js (c) tokens + dispatch term inventory,WRITER,60,,2,-58,,,2026-05-28T12:16:35-10:00,cac9c84,densest section by directive count but mechanical,,61,2,1,59,63,2026-05-28T12:16:35-10:00,false,2026-05-28T21:52:28Z,2026-05-28T22:16:38Z,false,false,false,false,false,,30.0,,
122,assembler.js (d) per-instruction encoders term inventory,WRITER,60,,3,-57,,,2026-05-28T12:19:40-10:00,7129c56,bonus: also closed #125 (E/e/V disambiguation),,100,3,1,97,103,2026-05-28T12:19:40-10:00,false,2026-05-28T21:52:30Z,2026-05-28T22:19:44Z,false,false,false,false,false,,20.0,,
123,assembler.js (e) operand helpers term inventory,WRITER,60,,2,-58,,,2026-05-28T12:21:17-10:00,43937c5,smallest section; finally documented fp/sp/lr -> r5/r6/r7,,67,2,1,65,69,2026-05-28T12:21:17-10:00,false,2026-05-28T21:52:32Z,2026-05-28T22:21:20Z,false,false,false,false,false,,30.0,,
124,.e/.o glossary entry shape design,ARC,30,4,1.5,-28.5,-2.5,2026-05-28T12:31:56-10:00,2026-05-28T12:33:28-10:00,4eed817,first dual-estimate row; first ARC puzzle; my C ran ~2.5x too high,,73,47,2,26,120,2026-05-28T12:34:11-10:00,false,2026-05-28T22:12:11Z,2026-05-28T22:32:29Z,false,false,false,false,false,2.667,20.0,1.53,19.75
126,.bst format / purpose research,WRITER,30,3,1,-29,-2,2026-05-28T12:38:38-10:00,2026-05-28T12:39:28-10:00,408de9e,.bst = binary listing — same content as .lst but machine words in binary (4-bit nibbles) instead of hex; only the isBST flag toggles,,2,1,2,1,3,2026-05-28T12:40:09-10:00,false,2026-05-28T22:12:15Z,2026-05-28T22:40:12Z,false,false,false,false,false,3.0,30.0,0.83,26.38
109,"interpreter.js term inventory (single spike, 1753L)",WRITER,60,12,4,-56,-8,2026-05-28T12:41:48-10:00,2026-05-28T12:45:41-10:00,d93e208,single-spike test (no decomposition); my C ran ~3x too high — third consecutive over-padding,,193,2,1,191,195,2026-05-28T12:46:25-10:00,false,2026-05-28T06:32:33Z,2026-05-28T22:46:28Z,false,false,false,false,false,3.0,15.0,3.88,969.25
110,"linker.js term inventory (smallest core file, 365L)",WRITER,60,3,1.25,-58.75,-1.75,2026-05-28T12:46:52-10:00,2026-05-28T12:48:07-10:00,eca6ebc,calibrated C estimate (down from naive 4-5m); still over-padded ~2.4x; pattern improving,,80,2,1,78,82,2026-05-28T12:48:43-10:00,false,2026-05-28T06:32:38Z,2026-05-28T22:48:48Z,false,false,false,false,false,2.4,48.0,1.25,974.23
113,linker.js glossary definitions (write phase),WRITER,60,10,2.78,-57.22,-7.22,2026-05-28T13:02:47-10:00,2026-05-28T13:05:34-10:00,fa66f14,first WRITER write-phase puzzle; even calibrated-down C ran 3.6x over; over-pad pattern persistent across role transitions,,185,3,1,182,188,2026-05-28T13:06:08-10:00,false,2026-05-28T06:33:00Z,2026-05-28T23:06:12Z,false,false,false,false,false,3.597,21.583,2.78,989.78
106,empty/whitespace .a → header-only .bst/.lst (parity),DEV,30,12,4.95,-25.05,-7.05,2026-05-28T13:03:47-10:00,2026-05-28T13:08:44-10:00,200bca3,BY DESIGN: LCC.js exit 0 + no artifacts vs OG exit 1 + header-only listings; corrected issue premise (OG does print 'Empty file'/exit 1). C over-padded ~2.4x — over-pad pattern persists into DEV role,,40,4,1,36,44,2026-05-28T13:09:24-10:00,false,2026-05-28T06:17:47Z,2026-05-28T23:10:13Z,false,false,false,false,false,2.424,6.061,4.95,1006.0
112,interpreter.js glossary definitions (write phase),WRITER,60,6,2.67,-57.33,-3.33,2026-05-28T13:09:32-10:00,2026-05-28T13:12:12-10:00,3ddea5a,second write-phase puzzle; C ran 2.25x over (tighter than #113's 3.6x); concurrent with another agent's #106 close — no conflicts,,295,1,1,294,296,2026-05-28T13:13:15-10:00,false,2026-05-28T06:32:55Z,2026-05-28T23:13:18Z,false,false,false,false,false,2.247,22.472,2.67,996.62
105,undefined-label br → orphan blank .e (parity),DEV,45,7,2.98,-42.02,-4.02,2026-05-28T13:17:47-10:00,2026-05-28T13:20:46-10:00,e0a6325,"OG BUG: both error + exit 1, but OG leaves a runnable blank .e (infinite-loops) vs LCC.js no artifact; corrected premise (OG does error). C calibrated down to 7m, still ~2.3x over. Worked in a git worktree (parallel terminal)",,49,3,1,46,52,2026-05-28T13:21:06-10:00,false,2026-05-28T06:17:42Z,2026-05-28T23:21:36Z,true,false,false,false,false,2.349,15.101,2.98,1020.08
128,assembler.js section (a) definitions,WRITER,60,5,2.58,-57.42,-2.42,2026-05-28T13:24:50-10:00,2026-05-28T13:27:25-10:00,783e53f,first write-phase puzzle in #111 sub-decomp; landed in worktree on branch worktree-issue-111; C-ratio 1.94x — tightest WRITER calibration yet,,399,2,1,397,401,2026-05-28T13:28:04-10:00,false,2026-05-28T23:23:28Z,2026-05-28T23:28:32Z,true,false,false,false,false,1.938,23.256,2.58,1.37
115,lccjs-assembly skill design (scoping spike),COMBO,60,12,2.35,-57.65,-9.65,2026-05-28T13:26:37-10:00,2026-05-28T13:28:58-10:00,570f42d,"architect/design spike; produced design doc + build decomposition (116a-d). C over-pad 5.1x — worst yet; supports 'weightier tasks attract heavier padding' (ARC > DEV/parity). Worktree, parallel terminal [role reclassified ARC->COMBO 2026-05-29 #192: original tag was ARC; see role-table COMBO/SPIKE defs.]",,140,4,2,136,144,2026-05-28T13:29:26-10:00,false,2026-05-28T21:36:05Z,2026-05-28T23:30:58Z,true,false,false,false,false,5.106,25.532,2.35,110.53
133,exclude .claude/** from PDD pre-push scan,DEV,30,3,2.45,-27.55,-0.55,2026-05-28T13:50:57-10:00,2026-05-28T13:53:24-10:00,f990fe4,two-line fix; verified hook passes; first puzzle closed under v0.2.0 protocol (pull --rebase before SHA capture),,1,1,1,0,2,2026-05-28T13:52:35-10:00,false,2026-05-28T23:51:45Z,2026-05-28T23:52:39Z,false,false,false,false,false,1.224,12.245,2.45,-0.8
104,ratify Charlie's textbook-demo conventions,ARC,30,6,1.53,-28.47,-4.47,2026-05-28T14:00:10-10:00,2026-05-28T14:01:42-10:00,19f1206,decision ticket; clock measures execution AFTER Charlie's decisions (excludes user deliberation). Q2 changed default → filed #135 refactor puzzle. C over-pad 3.9x. Worktree,,19,8,1,11,27,2026-05-28T14:01:59-10:00,false,2026-05-28T06:08:56Z,2026-05-29T00:02:28Z,true,false,false,false,false,3.922,19.608,1.53,1071.23
129,assembler.js section (b) definitions,WRITER,60,4,1.82,-58.18,-2.18,2026-05-28T14:00:52-10:00,2026-05-28T14:02:41-10:00,13ec1f9,second sub-write under #111; ratio 2.20x; v0.2.0 protocol used (pull --rebase before SHA); hook now passes cleanly post-#133,,195,1,1,194,196,2026-05-28T14:03:16-10:00,false,2026-05-28T23:23:30Z,2026-05-29T00:03:23Z,false,false,false,false,false,2.198,32.967,1.82,37.37
130,assembler.js section (c) definitions,WRITER,60,3,1.42,-58.58,-1.58,2026-05-28T14:05:20-10:00,2026-05-28T14:06:45-10:00,482849c,third sub-write under #111; ratio 2.11x; settling near 2x for WRITER write-phase shape,,197,1,1,196,198,2026-05-28T14:07:16-10:00,false,2026-05-28T23:23:32Z,2026-05-29T00:07:22Z,false,false,false,false,false,2.113,42.254,1.42,41.8
131,assembler.js section (d) definitions,WRITER,60,3,1.83,-58.17,-1.17,2026-05-28T14:09:54-10:00,2026-05-28T14:11:44-10:00,bddf648,fourth sub-write under #111; densest section by inventory line count but mostly mechanical; ratio 1.64x — new tightest,,247,1,1,246,248,2026-05-28T14:12:16-10:00,false,2026-05-28T23:23:34Z,2026-05-29T00:12:22Z,false,false,false,false,false,1.639,32.787,1.83,46.33
132,assembler.js section (e) definitions,WRITER,60,2.5,1.38,-58.62,-1.12,2026-05-28T14:13:22-10:00,2026-05-28T14:14:45-10:00,31b1222,final sub-write under #111; smallest section; ratio 1.81x; completes the assembler glossary across all 5 sections,,173,1,1,172,174,2026-05-28T14:15:20-10:00,false,2026-05-28T23:23:35Z,2026-05-29T00:15:26Z,false,false,false,false,false,1.812,43.478,1.38,49.78
135,refactor 6 ch03 demos: hoist data + .start (Q2 per #104),DEV,30,10,12.85,-17.15,2.85,2026-05-28T14:05:29-10:00,2026-05-28T14:18:20-10:00,51fd973,"FIRST OVERRUN — DEV edit/test-loop task: actual 12.85m > C 10m (1.28x). Script bug (pop() vs pop(0) silently dropped data sections) + per-demo assemble/run/diff verify ate time. Answers the open Q: the test loop DOES pull DEV actuals up, past even a calibrated-low C. 6/8 done, 009+044 split to #136. demo-006 address output layout-shifted (expected). Worktree",,53,40,7,13,93,2026-05-28T14:18:44-10:00,false,2026-05-29T00:01:29Z,2026-05-29T00:19:10Z,true,true,true,false,false,0.778,2.335,12.85,4.0
137,Claude skill (1/4a) SKILL.md router + 4 inline pitfalls,DEV,60,8,4.52,-55.48,-3.48,2026-05-28T14:20:10-10:00,2026-05-28T14:24:41-10:00,87f6405,"cross-repo close: SHA 87f6405 is in avidrucker/claude-config (skill lives there); lccjs side gets only CSV. SKILL.md 142 lines with 4 substantive pitfalls (symptom/why/correct-pattern). Ratio 1.77x — back in WRITER band; this was prose-heavy DEV, no test loop, which fits the #135 hypothesis (loop pulls actuals up, no loop stays in 2x band).",,,,,,,,true,2026-05-29T00:19:19Z,2026-05-29T00:24:57Z,false,false,true,false,true,1.77,13.274,4.52,0.85
138,Claude skill (1/4b) isa-quickref + calling-convention references,DEV,60,8,2.9,-57.1,-5.1,2026-05-28T14:51:49-10:00,2026-05-28T14:54:43-10:00,9d20e00,"cross-repo close (SHA in avidrucker/claude-config; lccjs gets only CSV, like #137). Two reference docs ~90L each, sourced from lcc-isa.md (130L) + demo-010/011/013. Ratio 2.76x (C 8m / actual 2.9m) — over-padded vs #137's 1.77x; fast actual from warm same-session context + compact sources. brp=n=z verified against ISA table.",,,,,,,,true,2026-05-29T00:19:21Z,2026-05-29T00:56:57Z,false,false,false,false,true,2.759,20.69,2.9,32.47
141,adopt .pddignore + lowercase at_todo: scan coverage as editable config,DEV,45,12,25,-20,13,2026-05-28T15:08:29-10:00,2026-05-28T18:18:56-10:00,fa13696,"Infra/DEV. Overran C (25m vs 12m, 2.08x) — building was quick but the AT_TODO->at_todo discovery forced a redesign mid-task: pdd matches the uppercase keyword as a SUBSTRING (AT_TODO aborts the scan), so the placeholder had to drop to lowercase, verified empirically in a temp dir. NOTE: actual_min is SUMMED hands-on time; wall-clock (started->finished) spans a multi-hour compaction/idle gap and is NOT the work duration. Behavior-preserving vs old hardcoded excludes (same 1-puzzle set). Worktree.",,97,1,4,96,98,2026-05-28T18:19:22-10:00,false,2026-05-29T01:08:15Z,2026-05-29T04:19:52Z,true,true,false,false,false,0.48,1.8,190.45,0.23
142,formalize 12 informal demo TODOs as @todo #143/#144; un-ignore demos/,DEV,45,15,4.65,-40.35,-10.35,2026-05-28T18:21:49-10:00,2026-05-28T18:26:28-10:00,9b5ed52,"Big underrun (4.65m vs C 15m, 0.31x). Mechanical formalization: created 2 grouping trackers (#143 gameSnake features, #144 research Qs), converted 12 TODO:->@todo via line-addressed sed (.a/.ap can't use Edit tool — treated as binary), dropped demos/**+plusdemos/** from .pddignore. C was padded for risk that pdd wouldn't scan .a/.ap or the format would fight the parser; verified up front in a temp dir that it does, then conversion was trivial. Diff proven comment-only (assembly unchanged). Scan 1->13 puzzles, exit 0. Closes the #141 follow-up. Worktree.",,12,17,3,-5,29,2026-05-28T18:26:28-10:00,false,2026-05-29T01:08:16Z,2026-05-29T04:26:54Z,true,false,false,false,false,3.226,9.677,4.65,193.55
139,Claude skill (1/4c) pitfalls + idioms-and-patterns references,DEV,60,12,5.43,-54.57,-6.57,2026-05-28T18:23:41-10:00,2026-05-28T18:29:07-10:00,0cb31de,cross-repo close: SHA 0cb31de in avidrucker/claude-config. Two reference files ~500 lines total (pitfalls.md 4 sections A/B/C/D; idioms-and-patterns.md 11 patterns P1-P11 keyed to 8 canonical demos). Ratio 2.21x — WRITER band; throughput high once context loaded. Followup commit fixes a rebase merge that landed conflict markers in the previous commit.,,,,,,,,true,2026-05-29T00:19:23Z,2026-05-29T04:29:11Z,false,false,false,false,true,2.21,11.05,5.43,244.3
136,Finish Q2 demo refactor: demo-009 (inverted) + demo-044 (ch19) — leftover from #135,DEV,45,12,7.27,-37.73,-4.73,2026-05-28T18:27:04-10:00,2026-05-28T18:34:20-10:00,2f30c01,"Two hand edits the #135 transform script could not do. demo-009 trivial (data already inverted-on-top): just +.start main + main: label, output unchanged 10 20 30 40 50. demo-044 was the real work: hoisted a/b/c/d data block to top, +.start main/main:, kept CREATION/PROPAGATION/DESTRUCTION inline comments with the code (not absorbed into header), and recomputed the memory-layout table addresses (0004/5/6/8 -> 0000/1/2/3) from the .lst since the reorg shifted them. Ratio 0.61x (7.27m vs C 12m). In-repo close (not cross-repo). Detour: lcc.js name.nnn prompt blocks on stdin for memory-only demos — fed name via pipe to verify clean exit 0.",,17,12,2,5,29,2026-05-28T18:34:09-10:00,false,2026-05-29T00:17:50Z,2026-05-29T04:35:38Z,false,false,false,false,true,1.651,6.19,7.27,249.23
140,Claude skill (1/4d) house-style reference + README pointer,DEV,60,10,2.70,-57.30,-7.30,2026-05-28T19:32:23-10:00,2026-05-28T19:35:05-10:00,fa7043a,cross-repo close: SHA fa7043a in avidrucker/claude-config (skill 0.4.0). Closes the tracker chain (#137/#138/#139/#140 all done). Heavy under-run: ratio 3.70x — existing textbook_demos/README.md conventions section (ratified post-#104) + #104's close comment made transcription very fast; the *why* paragraphs were the new content. README.md pointer added in same lccjs commit. Skill is feature-complete per design. Unblocks #117 (validate).,,,,,,,,true,2026-05-29T00:19:25Z,2026-05-29T05:35:08Z,false,false,false,false,true,3.704,22.222,2.7,312.97
145,Spike: debugger report-artifact parity vs oracle (lst/bst × .a/.e),ARC,60,15,5.77,-54.23,-9.23,2026-05-28T19:36:41-10:00,2026-05-28T19:42:27-10:00,3ff14e4,"Spike under #13. Built a reusable 2x2 probe (experiments/debugger-report-parity-probe.sh) running oracle×lccjs over run-on-.a/run-on-.e, snapshotting all 8 artifacts + diffing. Finding: NO missing artifact (the remembered symptom did not reproduce, incl. under -d — both write .lst+.bst everywhere; corrected a misread that -d suppresses stats: line364 generateStats=false is under -nostats, not -d). Real diffs are 6 formatting deltas (header A/S padding, stats alignment, src/code column geometry, .a source-line truncation [only content-affecting], BST trailing space, banner date fmt). Reframes #13 to report-format parity; decomposition posted to #13. Ratio 0.38x (5.77m vs C15m) — fast: oracle wired + warm context. In-repo close.",,154,2,3,152,156,2026-05-28T19:42:27-10:00,false,2026-05-29T05:31:16Z,2026-05-29T05:42:52Z,false,false,false,false,false,2.6,10.399,5.77,5.42
147,fix stale docs/glossary/README.md status table (3 rows stub->complete),WRITER,15,8,1.25,-13.75,-6.75,2026-05-28T19:44:04-10:00,2026-05-28T19:45:19-10:00,df19c74,"Tiny WRITER doc fix surfaced during #9 triage. 1.25m actual vs C 8m (0.16x) — a 3-row table edit; C padded for a markdown task that needed no investigation (the glossary completeness was already verified during triage). pdd treatment: docs/** is unscanned, so the GH issue (pdd-tracked label) is the tracker, no in-code marker. Full worktree+trunk-based ceremony applied per request despite the small size. Worktree.",,3,3,1,0,6,2026-05-28T19:45:19-10:00,false,2026-05-29T05:44:05Z,2026-05-29T05:45:43Z,true,false,false,false,false,6.4,12.0,1.25,-0.02
117,validate lccjs-assembly skill — first-pass via 6 fresh subagents,TEST,60,30,9.07,-50.93,-20.93,2026-05-28T19:38:34-10:00,2026-05-28T19:47:38-10:00,6db9ada,"first TEST-role puzzle. Fan-out 6 parallel subagents (3 positive + 3 negative); I assembled + ran each, scored against design §6. 5/6 assembled and ran; all 4 pitfall classes steered correctly. Single failure (N3) on a different axis (invented `puts r0`) — filed as follow-up #148. Writeup: docs/lccjs-assembly-skill-validation.md. Closes the #115->#116->#117 skill arc. Ratio 3.31x C over-pad — TEST flavor with parallel subagents was faster than predicted; the orchestration overhead I budgeted didn't manifest because subagents ran truly in parallel and writeup leaned on direct observation. Closes #117.",,285,0,1,285,285,2026-05-28T19:47:40-10:00,false,2026-05-28T21:36:35Z,2026-05-29T05:47:49Z,false,false,false,false,false,3.308,6.615,9.07,481.98
150,"sext semantics research+bug report for Prof Dos Reis (selector=mask, coherent only 2^k-1)",WRITER,60,30,11,-49,-19,2026-05-28T20:01:49-10:00,2026-05-28T20:08:11-10:00,f5afd7b,"Research ticket split from #144. Validated the user's hypothesis: sext's 2nd operand is a runtime bitmask; coherent sign-extend ONLY for contiguous 2^k-1 selectors, garbage for the other 12/16 low values. Live oracle evidence (sext_field_probe.a r1=0..15 sweep) + lccjs IDENTICAL by diff (it hardcodes SEXT_PARITY_TABLE). actual_min ~11 INCLUDES ~5m pre-worktree survey (reading interpreter.js table/executeSEXT, isa doc, experiments) before the captured start_iso; span alone is ~6m. C set retro (no formal C at grab). Deliverable: docs/research/sext-semantics-report.md. Found 2 side bugs: sext_sweep.a uses out-of-range mov 0x1234; lccjs .string rejects \\n escape. Worktree.",,308,1,3,307,309,2026-05-28T20:07:29-10:00,false,2026-05-29T05:58:57Z,2026-05-29T06:25:30Z,true,false,false,true,false,2.727,5.455,6.37,2.87
155,Test: lock in .a-path LST source-text parity vs oracle (mnemonics + comments),DEV,45,12,5.02,-39.98,-6.98,2026-05-28T20:10:32-10:00,2026-05-28T20:15:33-10:00,ad94e16,"Test-only lock-in (behavior already correct per #145). New spec lcc.oracle.source-retention.e2e.spec.js: comments-INCLUDED complement to the existing lcc.oracle.e2e suite (which uses stripComments:true and thus never guards comments). Per demo Q/R/Z: (1) self-contained — every .a source line incl. comments appears in the lccjs .lst; (2) parity vs cached golden with stripComments:false. Reused runJSLCC/compareLstFiles/goldens. Whitespace-lenient (trim+collapse+trunc40) tolerates deviation 11. TDD-verified RED under a comment-stripping mutant (3 self-contained checks fail), GREEN normally. Ratio 0.42x (5.02m vs C12m) — harness already existed. In-repo close.",,133,2,2,131,135,2026-05-28T20:15:33-10:00,false,2026-05-29T06:06:53Z,2026-05-29T06:15:58Z,false,false,false,false,false,2.39,8.964,5.02,3.65
148,Skill: enumerate closed LCC trap set inline in SKILL.md (#117 N3 fix),DEV,30,7,1.40,-28.60,-5.60,2026-05-28T20:13:58-10:00,2026-05-28T20:15:22-10:00,fafa31a,"cross-repo close: SHA fafa31a in avidrucker/claude-config (skill 0.5.0). New SKILL.md section between pitfall 4 and references router: 'Closed sets — don't invent extensions' (11 I/O traps + 4 debugging traps from lccjs/docs/lcc-isa.md, with explicit C-stdlib disclaim). Caught a miss while transcribing: original issue body omitted udout; SKILL.md table is now authoritative against the spec. Ratio 5.0x — spec-source transcription drove fast actual. Resolves the only validation failure across 6 runs in #117.",,,,,,,,true,2026-05-29T05:47:40Z,2026-05-29T06:15:26Z,false,false,false,false,true,5.0,21.429,1.4,26.3
149,Skill: nl idiom callout + house-style scoping clarification (#117 §3.2+§3.3),DEV,30,6,1.02,-28.98,-4.98,2026-05-28T20:28:49-10:00,2026-05-28T20:29:50-10:00,497dc1a,"cross-repo close: SHA 497dc1a in avidrucker/claude-config (skill 0.6.0). Two small inline edits in SKILL.md: (a) nl idiom callout in the closed-trap section showing the common-wrong @NL: .string + lea + sout shape; (b) house-style bullet now states both sides — apply for textbook_demos/, do NOT apply outside. Ratio 5.88x — same as #148 (1.40m): tiny inline edits, no source-doc research needed. Closes the #117 validation chain skill-text refinements (parent #117 TODOS item now [x]).",,,,,,,,true,2026-05-29T05:56:53Z,2026-05-29T06:29:53Z,false,false,false,false,true,5.882,29.412,1.02,31.93
146,ARC spike: DRY core debugger vs ilcc/iinterpreter — ROI map + shared-substrate proposal,ARC,60,40,3.5,-56.5,-36.5,2026-05-28T20:30:38-10:00,2026-05-28T20:34:06-10:00,73ffa3d,"Research/ARC spike from #134 cross-link. Read interpreter.js debug surface + iinterpreter.js(466L)+ilcc.js(174L). Key finding: IInterpreter EXTENDS Interpreter so execution is already shared; dup is only in debug/display layer between two intentionally-different front-ends. ROI-ranked 6 overlaps; recommended sharing substrate (format.js #163, stateDelta.js #164) but NOT presentation (oracle text is byte-tested, drift risk). actual 3.5m wall-clock (fast — all model-driven reads/writes inside the worktree, no separate pre-survey); C set retro (no formal C at grab). Deliverable docs/research/debugger-ilcc-dry.md + 2 build issues. Handed module boundaries to #134. Worktree.",,88,0,1,88,88,2026-05-28T20:34:06-10:00,false,2026-05-29T05:31:18Z,2026-05-29T06:34:33Z,true,false,false,true,false,11.429,17.143,3.47,59.33
163,extract src/core/debug/format.js (h4 + register tables); dedup 5 copies,DEV,30,15,4,-26,-11,2026-05-28T20:41:46-10:00,2026-05-28T20:45:41-10:00,f130302,"Build A from #146 DRY spike. Created src/core/debug/format.js (h4, REG_NAMES, REG_ALIASES); removed 5 local h4/h defs (2 interpreter.js, 3 iinterpreter.js) + iinterpreter local REG_ALIASES. Behavior-preserving refactor — verified full suite 575 passed incl interpreter.oracle.e2e (byte-exact) + ilcc.unit; pdd scan clean. Left parity-sensitive _debugShowAllMem/_debugShowMem inline padding untouched (not part of the named-helper dup). actual 4m (mechanical edits + test run). Substrate for #164/#134. Worktree.",,32,13,3,19,45,2026-05-28T20:45:41-10:00,false,2026-05-29T06:33:42Z,2026-05-29T06:46:00Z,true,false,false,false,false,3.75,7.5,3.92,8.07
162,Docs: QC pass on docs/glossary/* — strip spike scaffolding & ticket-ref noise,WRITER,60,20,12,-48,-8,2026-05-28T20:33:47-10:00,2026-05-28T20:52:21-10:00,1273a13,"WRITER multi-file cleanup of the per-module glossaries. Deleted the redundant 'Candidate term inventory' spike sections from all three module files (assembler -374L, interpreter -203L, linker -90L), stripped PDD ticket numbers + process-provenance from reader-facing prose (kept Source citations, cross-file links, the stable OB-001 ID), slimmed every header, and rewrote the README Files table (Status column -> coverage descriptions; corrected counts interpreter 39->32, linker 26->23). 147+32+23 definitions preserved verbatim (diffed). Four worktree passes (c3c1717 asm / 08be918 int / 7a231ff linker / 1273a13 readme+close). actual=summed active wall-clock across the 4 passes (~12m); elapsed span ~18m due to per-file user approvals. C=20 aggregated from per-file C (8m asm, 5m int). NOTE: assembler pass was first done on main by mistake then redone via worktree after user pushback — process-correction overhead is in this number. h=60 is the WRITER cap, not a forecast.",,6,9,2,-3,15,2026-05-28T20:52:56-10:00,false,2026-05-29T06:28:34Z,2026-05-29T06:53:03Z,true,false,false,false,false,1.667,5.0,18.57,5.22
164,extract src/core/debug/stateDelta.js (diffRegisters) — route core debugger + TUI,DEV,45,25,5.5,-39.5,-19.5,2026-05-28T20:51:40-10:00,2026-05-28T20:57:11-10:00,4773c26,"Build B from #146 spike. Pure diffRegisters(prev,curr) shared by interpreter.js step() diff loop + iinterpreter.js displayRegisters(); +value-based diffFlags/pcChanged for TUI. Key parity call: interpreter KEEPS fire-once flag/pc rendering (flagsSet/hasJumped, not value-diff) — documented non-share, routing it through diffFlags would break oracle parity. Verified: full suite 575 passed incl interpreter.oracle.e2e (byte-exact) + functional displayRegisters highlight check (TUI not directly unit-tested → #169 covers that gap). Registered TEST follow-ups #168 (format) + #169 (stateDelta) as @todo markers. Worktree.",,69,13,3,56,82,2026-05-28T20:57:11-10:00,false,2026-05-29T06:33:44Z,2026-05-29T06:57:33Z,true,false,false,false,false,4.545,8.182,5.52,17.93
165,Docs: reconcile open_bugs.md — OB-001..007 + OB-012 fixed but marked open,WRITER,45,12,6.5,-38.5,-5.5,2026-05-28T20:54:38-10:00,2026-05-28T21:01:08-10:00,8a1d6c5,"Pure docs reconcile. ROOT CAUSE of drift: fix commits used 'Closes #N' so GH issues #31-39/#44 auto-closed, but the standalone open_bugs.md snapshot was never updated -> all 8 still read Status:open while GH was closed + code fixed. Verified each fix in current code (mov->evaluateImmediate, 0x1FF mask, error() throws LinkerError, dead flag removed, genStats both-forms, xorshift comments, resetState, ASYNC_BATCH_SIZE) and cited the resolving commit per entry. Bumped stamps; rewrote current_issues.md headline. Scope held to the 8 verified (yegor fixed-budget); discovered OB-009..026 are ALSO all resolved -> filed #170 w/ commit-map. h=45 WRITER, actual 6.5m. Worktree.",,40,25,2,15,65,2026-05-28T21:01:50-10:00,false,2026-05-29T06:51:15Z,2026-05-29T07:02:41Z,true,false,false,false,false,1.846,6.923,6.5,3.38
175,Docs: create who_lccjs_is_for.md — persona-based start-here onboarding guide,WRITER,60,30,4,-56,-26,2026-05-29T07:42:00-10:00,2026-05-29T07:45:51-10:00,dbc2e1e,"Persona router doc with a first-steps paragraph per audience: Learner {self-taught, course student}, Teacher (incl. common first-timer challenges), Hobbyist {assembly enthusiast, toolchain tinkerer, game/demo maker, OSS contributor}. Scoped via yegor-pm architect pass first (design written into #175 before drafting); bounded the two synthesis parts to fit one WRITER task and deferred the depth (full pitfall catalog + per-demo walkthroughs) as #176 with an @todo marker in the doc. Honest Today/Not-yet capability table sourced from actual demos/plusdemos — caught that ROADMAP still lists RPS+FlappyBird as planned though both already ship. All 15 internal links verified to resolve. actual=4m drafting wall-clock; the source-gathering/scoping happened in the architect pass before the timer (h=60 is the WRITER cap, not a forecast). Worktree.",,165,0,3,165,165,2026-05-29T07:45:51-10:00,false,2026-05-29T17:36:16Z,2026-05-29T17:46:19Z,true,false,false,false,false,7.5,15.0,3.85,5.73
177,Docs: who_lccjs_is_for.md links into PRIVATE claude-config — public readers cannot resolve pitfalls ref,WRITER,10,5,1,-9,-4,2026-05-29T07:58:02-10:00,2026-05-29T07:58:50-10:00,41a3ac7,"One-section defect fix: common-challenges subsection pointed at the lccjs-assembly skill pitfalls ref, which lives in the PRIVATE claude-config repo -> public readers dead-ended. Repointed to in-repo parity_deviations.md + lcc-isa.md only; verified no skill/claude-config refs remain in the doc. Same commit updated the #176 @todo marker to the agreed single-source-of-truth direction (canonical in-repo docs/pitfalls.md; skill becomes a derivative). Architectural decision recorded as a comment on #176. Worktree. actual ~1m (trivial edit; analysis/scoping happened in the prior review turn).",,4,4,1,0,8,2026-05-29T07:58:43-10:00,false,2026-05-29T17:57:31Z,2026-05-29T17:58:50Z,true,false,false,false,false,5.0,10.0,0.8,0.52
176,Docs: author canonical in-repo docs/pitfalls.md (single source of truth for LCC-assembly pitfalls),WRITER,60,40,4,-56,-36,2026-05-29T08:01:27-10:00,2026-05-29T08:05:08-10:00,a267175,"Built the canonical human-facing pitfall catalog (docs/pitfalls.md) so the facts live in the public repo that implements them rather than the private claude-config skill (which becomes a citing derivative — architectural decision recorded on #176/#178). Synthesised from parity_deviations.md + lcc-isa.md + the skill catalog: the four highest-cost pitfalls (r5/r6/r7, pcoffset9 ±256, narrow signed immediates with a field-width table, branch-flags-not-English) then assembler/runtime/linking/oracle-divergence sections, all symptom->why->fix. Verified field widths against lcc-isa.md (imm9/imm5/offset6); all 6 cross-refs in-repo only (no private refs). Collapsed who_lccjs_is_for.md inline list to teaser+link, added to README Further Reading, resolved the @todo #176 marker. SPLIT at start-of-work per yegor-microtasks: per-demo walkthroughs -> #178 (pdd-tracked, marker placed in game/demo-maker section). start/end logged per request; actual ~4m wall-clock for the full read+write session. Worktree.",,246,17,3,229,263,2026-05-29T08:05:01-10:00,false,2026-05-29T17:45:31Z,2026-05-29T18:05:08Z,true,false,false,false,false,10.0,15.0,3.68,15.93
179,feat: agent identity on worktree branches — self-assigned fruit names (apple/banana/…) for parallel-agent visibility,DEV,95,35,10,-85,-25,2026-05-29T08:53:22-10:00,2026-05-29T09:03:14-10:00,bc57330,"Tooling/workflow feature, dogfooded end-to-end: built while working AS agent 'apple' in .claude/worktrees/apple-issue-179 on branch apple/issue-179-agent-identity. Delivered all 3 sub-puzzles + design doc in one session: scripts/claim.js (npm run claim), puzzle-status.js agent attribution ('by apple'), convention in docs/claude_workflow.md, docs/design-agent-worktree-identity.md. auto-pick is race-safe via detect-and-rollback; --as reuses the session identity. Caught a real path-resolution bug in own testing — new worktree was nesting inside the caller's worktree; fixed to resolve against the main repo root via git --git-common-dir. h=95 is the summed sub-puzzle estimate (45 DEV claim + 30 DEV status + 20 WRITER docs); the @inprogress marker said 45m for the claim.js piece only. actual ~10m focused wall-clock. Worktree.",APPLE,424,7,6,417,431,2026-05-29T09:02:54-10:00,false,2026-05-29T18:53:53Z,2026-05-29T19:05:12Z,true,false,false,false,false,3.5,9.5,9.87,-0.52
180,Velocity: add agent column to puzzle-velocity.csv — attribute each row to the worktree fruit identity,WRITER,20,15,2,-18,-13,2026-05-29T11:13:59-10:00,2026-05-29T11:15:51-10:00,f5af73a,"Schema+docs follow-up to #179: added trailing 'agent' column; set APPLE on #179 (this session) + this row, historical rows left empty (agent unknowable retroactively — no backfill, per user). Documented in docs/puzzle-velocity.md + docs/claude_workflow.md, the puzzle-velocity skill (0.4.0->0.5.0 + CHANGELOG), and the puzzle-velocity-protocol memory. Trailing column preserves positional awk \$1..\$12. Worked AS apple in a worktree alongside live banana/issue-13 (banana had independently adopted the #179 convention). actual ~2m.",APPLE,52,47,3,5,99,2026-05-29T11:15:39-10:00,false,2026-05-29T21:14:00Z,2026-05-29T21:18:05Z,true,false,false,false,false,7.5,10.0,1.87,-0.02
13,#13 reconcile: spike-refresh of the symbolic-debugger epic + accept report-format deltas as by-design,SPIKE,60,30,10,-50,-20,2026-05-29T11:10:57-10:00,2026-05-29T11:23:21-10:00,07e7a86,"yegor spike-refresh: re-ran experiments/debugger-report-parity-probe.sh on main (step 2 of the 4-step plan; #145 had already derived the catalog). Finding: debugger feature is SHIPPED (12/13 acceptance boxes; 13th = deviation 11 by-design), and all five cosmetic .lst/.bst report-format deltas (A banner date, B header A/S padding, C stats alignment, D Loc/Code geometry, F BST trailing space) STILL reproduce on current main — none closed since #145. ROI low-med (pure whitespace/padding/date-shape). Posted refreshed scope comment on #13, ticked the final box. Owner chose accept-as-by-design -> documented as deviation 12 in parity_deviations.md, recorded the 5 genStats.js sites for any future parity work, closed #13 (commit 07e7a86). Span includes 2 AskUserQuestion gaps; active work ~10m. Coordinated around apple #180 (agent column) which merged mid-task — logged under the new agent column.",BANANA,37,2,1,35,39,2026-05-29T11:21:50-10:00,false,2025-05-25T21:07:21Z,2026-05-29T21:21:57Z,false,false,false,false,false,3.0,6.0,12.4,531363.6
178,Docs: per-demo capability walkthroughs for the game/demo-maker path,WRITER,30,15,3,-27,-12,2026-05-29T11:29:22-10:00,2026-05-29T11:32:18-10:00,b7a092d,"Resolved the @todo #178 marker -> added a pick-a-starting-template index to who_lccjs_is_for.md game-maker section: all 14 plusdemos/*.ap grouped (building blocks / movement+rendering / full game loops) with the LCC+ technique each demonstrates, linking plusdemos.md for prose. Synthesised from plusdemos.md + each .ap header (no re-derivation); all 14 file refs + the plusdemos.md link verified to resolve. Separate follow-up commit 990afa6 (refs #13) fixed a staleness I had just introduced: the capability table still listed the debugger as open #13 after I closed #13 today -> moved it to works-today, paired with gameSnake backlog #143 as the not-yet item. Worktree (banana). actual ~3m, content readily synthesisable.",BANANA,25,1,1,24,26,2026-05-29T11:31:13-10:00,false,2026-05-29T18:01:28Z,2026-05-29T21:32:17Z,true,false,false,false,false,5.0,10.0,2.93,207.9
171,Spike: scope linker relocation/multi-module/output-format test coverage — validate plan + decompose into 5 child puzzles,SPIKE,30,20,4,-26,-16,2026-05-29T11:32:16-10:00,2026-05-29T11:36:22-10:00,,"yegor-spike (PM): read-only scope of #171 vs current src/core/linker.js + linker.unit.spec.js. Validated the body's pre-existing 5-child plan as accurate; added 3 refinements (relocation adds the pre-existing operand word; OB-003/#33-35 abort-before-write is ALREADY FIXED -> regression guard not a fix; createExecutable emits VTable as 'A' entries before ATable). Decomposed into #181-185 (3 medium relocation-math children, 2 low) + scope comment on #171; closed #171 as its scope job is done, children carry markers-on-claim. GH-only spike (no code change) so closed_commit empty; #171 closed via gh decomposition. Worked as apple alongside live banana. actual ~4m. [role reclassified PM->SPIKE 2026-05-29 #192: original tag was PM; see role-table COMBO/SPIKE defs.]",APPLE,,,,,,,,2026-05-29T07:01:00Z,2026-05-29T21:36:01Z,false,false,false,false,false,5.0,7.5,4.1,871.27
156,"Test: lock in .e-path LST hex-only parity vs oracle (no source/comments, whitespace-lenient)",TEST,45,30,8,-37,-22,2026-05-29T11:35:49-10:00,2026-05-29T11:43:52-10:00,048bff4,"TDD lock-in; no production change (lccjs .e-path listing was already hex-only). Found the ticket premise was partly stale: an oracle-on-.e helper already existed locally in interpreter.oracle.e2e.spec.js -> promoted it to tests/helpers/runOracle.js as runOracleInterpreterOnExecutable (sibling to runOracleOnDemo) and DRYd the local dup (spec now imports it). The real gap: interpreter.oracle.e2e compares with stripComments:true so it cannot catch source leaking into the .e LST. New spec interpreter.e-path-hex-only.oracle.e2e.spec.js asserts per demoQ/R/Z: (1) code region between Loc-Code header and first ==== is pure hex; (2) distinctive .a comment tokens absent from that code region (negative probe scoped to the code region — first cut searched the whole file and false-positived on the stats block echoing the input filename demoQ1.e; fixed); (3) code-region hex words match the oracle .e lst, whitespace-lenient. Full suite 584 passed / 2 skipped, refactored oracle e2e still 30/30. Worktree (banana).",BANANA,255,68,3,187,323,2026-05-29T11:43:52-10:00,false,2026-05-29T06:06:54Z,2026-05-29T21:43:59Z,true,false,false,false,false,3.75,5.625,8.05,928.92
181,Test: linker adjustExternalReferences() relocation math (11-bit / 9-bit / full-address),TEST,45,15,2,-43,-13,2026-05-29T11:42:30-10:00,2026-05-29T11:44:26-10:00,96e9d6c,"First child of the #171 spike. 7 characterization tests for adjustExternalReferences() in linker.unit.spec.js: 11-bit ETable (clean offset + opcode-bit preservation), the operand-word-folded-into-offset case the spike flagged, 11-bit mask wraparound, 9-bit eTable (offset + high-bit preservation), 9-bit wraparound, VTable full-address add, and an all-three-tables no-interference pass. Hand-computed expectations, green on first run (locks the already-correct math against silent-corruption regressions — not red-green). 13/13 pass in the spec. Marker tagged /QA; logged as TEST role (velocity taxonomy code for test work). Worked as apple alongside live banana. actual ~2m.",APPLE,97,0,1,97,97,2026-05-29T11:44:39-10:00,false,2026-05-29T21:35:23Z,2026-05-29T21:47:00Z,false,false,false,false,false,7.5,22.5,1.93,7.12
182,Test: linker adjustLocalReferences() ATable relocation (moduleStart addition),TEST,30,10,1,-29,-9,2026-05-29T11:50:55-10:00,2026-05-29T11:52:19-10:00,d7f194f,"Second child of the #171 spike (sibling to #181). 4 tests for adjustLocalReferences() in linker.unit.spec.js: in-place mca[addr]+=moduleStart; multiple entries relocated by their own moduleStart in one pass (3 modules at offsets 0/10/30); moduleStart=0 first-module no-op; empty-ATable no-op. Green on first run (characterization of already-correct relocation). 17/17 pass in the spec. Marker /QA, logged TEST. Worked as apple alongside live cherry (#160). actual ~1.5m.",APPLE,55,0,1,55,55,2026-05-29T11:52:30-10:00,false,2026-05-29T21:35:25Z,2026-05-29T21:53:53Z,false,false,false,false,false,10.0,30.0,1.4,15.5
183,Test: linker multi-module address threading (GTable reflects code concatenation),TEST,45,12,1,-44,-11,2026-05-29T11:56:17-10:00,2026-05-29T11:57:01-10:00,0410259,"Third child of the #171 spike — completes the medium relocation-math tier (#181/#182/#183). 4 tests for processModule() mcaIndex/GTable threading in linker.unit.spec.js: 3 modules sizes 10/20/15 -> GTable globals at local+cumulative-offset {foo:0,bar:15,baz:33} with mcaIndex/length=45; code concatenates at offsets 0/10/30; S start threaded (2+10=12, gotStart set); E and A reference addresses threaded by module offset (incl. A.moduleStart). Green on first run. 21/21 pass in spec. Marker /QA, logged TEST. Worked as apple alongside live banana (#151) + cherry (#160). actual ~1m.",APPLE,57,0,1,57,57,2026-05-29T11:57:11-10:00,false,2026-05-29T21:35:26Z,2026-05-29T21:58:46Z,false,false,false,false,false,12.0,45.0,0.73,20.85
151,Research: do jmp condition-suffix mnemonics work? (Appendix B p.276 vs assembler error),RESEARCH,30,20,13,-17,-7,2026-05-29T11:52:13-10:00,2026-05-29T12:04:52-10:00,74bffb0,"Empirical research, no production change. Question: Appendix B p.276 says jmp takes the branch condition suffixes (jmpz/jmpn/...), but they error on assembly. Tested both tools: lccjs rejects jmpz/jmpn/jmpe with Invalid operation; oracle (cuh63 6.3) rejects jmpz IDENTICALLY — the leftover 7-byte .e is the deviation-10 blank artifact, not a real assembly (initial script misread the .e existence as acceptance; corrected). Static: assembler.js has no jmpXX cases, suffixes belong only to br; jmp encoding has no cc field. Conclusion: textbook DOC ERROR, not an lccjs gap — lccjs is parity-correct, no assembler fix. Recorded docs/research/jmp-condition-suffix-mnemonics.md, added a note to docs/lcc-isa.md, resolved the @todo #151 marker in happy-path.a. Note: happy-path.a exits 1 on a pre-existing brb error (line 43) on pristine main too — not caused here, out of scope. Branch needed a rebase onto apple #182/#183 before push (clean). Worktree (banana).",BANANA,68,6,3,62,74,2026-05-29T12:04:52-10:00,false,2026-05-29T05:58:59Z,2026-05-29T22:05:23Z,true,false,false,false,false,1.538,2.308,12.65,953.23
184,Test: linker aborts WITHOUT writing output on unresolved external (regression guard),TEST,30,8,1,-29,-7,2026-05-29T12:05:59-10:00,2026-05-29T12:06:42-10:00,6abbe3b,"Fourth child of the #171 spike (low — regression guard for the already-fixed OB-003/#33-35). 2 tests in linker.unit.spec.js: unresolved external -> link() throws LinkerError, createExecutable never called (pass-through spy), no out.e written in the mock fs; + a resolved-external contrast (link completes, createExecutable called once, out.e written) proving the abort is conditional not blanket. Confirms adjustExternalReferences runs before createExecutable in link(). Green on first run. 23/23 pass in spec. Marker /QA, logged TEST. Worked as apple alongside live banana (#151) + cherry (#160). actual ~1m.",APPLE,50,0,1,50,50,2026-05-29T12:06:51-10:00,false,2026-05-29T21:35:28Z,2026-05-29T22:07:32Z,false,false,false,false,false,8.0,30.0,0.72,30.52
160,Validation methodology: subagent prompts must say 'no file writes' explicitly,WRITER,15,6,8,-7,2,2026-05-29T11:43:18-10:00,2026-05-29T11:50:48-10:00,ab80bbc,"Added a 'prompt discipline' note + reusable subagent-prompt template to docs/lccjs-assembly-skill-validation.md §Method: the #117 fan-out prompts fixed response format but not disk writes, so P2/N1 left stray .a files needing cleanup; the template now carries BOTH the format-only and the explicit 'do not write files to disk' constraint lines so future passes (§3.4/§3.5) leave a clean tree. Marked the parent validation-methodology TODOS bullet done. closed_commit is in lccjs (ships in-repo, not the cross-repo claude-config case). Worked as cherry alongside live banana/apple. actual ~7.5m (a couple min were Opus classifier outages, not work).",CHERRY,27,2,2,25,29,2026-05-29T11:51:27-10:00,false,2026-05-29T06:27:44Z,2026-05-29T22:10:03Z,false,false,false,false,true,0.75,1.875,7.5,915.57
185,Test: linker createExecutable() byte format (signature/header/terminator + LE code words),TEST,45,15,2,-43,-13,2026-05-29T12:08:01-10:00,2026-05-29T12:09:37-10:00,0487533,"Fifth/final child of the #171 spike — completes the epic. 2 tests in linker.unit.spec.js driving the previously-mocked createExecutable() through the virtualFs helper and asserting exact output bytes: o-signature, S+start(LE), G+addr+label+NUL, VTable-emitted-as-'A' entries BEFORE ATable 'A' entries (the spike's format refinement), C terminator, little-endian uint16 code; plus no 'S' without gotStart. Hand-computed byte buffers, green on first run. Full tests/new suite 600 passed/5 skipped, no regressions. Marker /QA, logged TEST. Worked as apple alongside live banana (#151) + cherry (#160). actual ~1.5m. #171 epic fully closed (#181-185).",APPLE,53,0,1,53,53,2026-05-29T12:09:46-10:00,false,2026-05-29T21:35:30Z,2026-05-29T22:11:17Z,false,false,false,false,false,7.5,22.5,1.6,32.52
189,Docs: capture multi-agent worktree concurrency failure modes (worktree-multi-agent-findings.md),WRITER,30,12,2,-28,-10,2026-05-29T12:21:38-10:00,2026-05-29T12:23:21-10:00,68b2e3b,"Authored docs/worktree-multi-agent-findings.md: 7 enumerated failure modes from the 2026-05-29 multi-agent session (append-only CSV conflicts; rebase-then-push partial-state race; closed_commit rebase-orphaning; branch-protection notice; classifier outages; half-visible claim/marker state; transient worktree churn), root-caused to append-only-text-under-concurrent-writers, plus candidate mitigations. Left @todo #188 (open ARC spike) for the process decision; noted CHERRY's SQLite research as a candidate direction. Filed #188 (fix puzzle) + #189 (this doc task). Applied the just-documented lesson live: ran the rebase as a separate GATED step, not chained with push. Worked as apple. actual ~2m.",APPLE,109,0,1,109,109,2026-05-29T12:23:21-10:00,false,2026-05-29T22:22:06Z,2026-05-29T22:24:22Z,true,false,false,false,false,6.0,15.0,1.72,-0.47
186,Research: CSV velocity log → merge=union + empty closed_commit (kill rebase-conflict churn),COMBO,60,25,11,-49,-14,2026-05-29T12:25:34-10:00,2026-05-29T12:36:10-10:00,,"Spike for #186. Empirically verified in a throwaway repo that the built-in `union` merge driver FIRES UNDER git rebase (not just merge): two divergent branches each appending a CSV row auto-unioned with 0 conflict markers; same test confirmed the rebase still rewrites the commit SHA (79e238c->ca419d5), so merge=union fixes the manual-conflict pain (A) but NOT the closed_commit-orphan pain (B) — orthogonal. Recommendation (docs/research/velocity-log-storage.md): keep the CSV, add 'docs/puzzle-velocity.csv merge=union' to .gitattributes, switch to a single-commit close, log closed_commit EMPTY and derive via git log --grep 'Closes #N'. SQLite rejected (binary: unmergeable, undiffable, conflicts worse). Applied: .gitattributes line + docs/puzzle-velocity.md protocol/column rewrite + puzzle-velocity skill 0.6.0 in claude-config. THIS ROW dogfoods the new close: single commit, closed_commit intentionally empty. Follow-up: bulk closed_commit backfill reconciler. actual incl. collaborative scope review. Worked as cherry alongside live agents. [role reclassified RESEARCH->COMBO 2026-05-29 #192: original tag was RESEARCH; see role-table COMBO/SPIKE defs.]",CHERRY,,,,,,,,2026-05-29T22:16:30Z,2026-05-29T22:37:34Z,false,false,false,false,false,2.273,5.455,10.6,9.07
190,Research/test: audit ALL branch-condition mnemonics for OG-LCC parity,TEST,45,30,15,-30,-15,2026-05-29T12:31:52-10:00,2026-05-29T12:50:14-10:00,b035a64,"Test-first TDD audit. Parity spec over all 12 branch mnemonics: each assembles on lccjs + OG LCC to byte-identical .e, plus alias-pair encoding equality. GOTCHA: first cut used self-branch programs (main: brXX main) which infinite-loop the oracle (it RUNS what it assembles) -> spurious hangs + 5 false mismatches; fixed to forward-branch-to-halt. True result: ALL branch mnemonics at full byte-for-byte oracle parity EXCEPT brb (the #187 gap). Locked in as tests/new/assembler.branch-mnemonics.oracle.e2e.spec.js. Full suite 631 pass. Resolved #190 marker (assembler.js). Closed with #187 in b035a64. Worktree (banana).",BANANA,92,2,3,90,94,2026-05-29T12:50:14-10:00,false,2026-05-29T22:23:53Z,2026-05-29T22:50:23Z,true,false,false,false,false,2.0,3.0,18.37,7.98
187,brb errors Invalid operation — in brCodes map but missing from the dispatch,DEV,30,10,3,-27,-7,2026-05-29T12:47:00-10:00,2026-05-29T12:50:14-10:00,b035a64,"One-line fix surfaced by the #190 audit (TDD red): added the brb case to the branch dispatch in assembler.js (it was in assembleBR codes at cc=6 but never routed). brb now encodes 0x0c01 — byte-identical to the oracle and its brc alias. Unblocks demos/happy-path.a (was erroring at line 43). Verified by the #190 parity + alias-equality tests; @todo #187 marker in happy-path.a resolved. Closed with #190 in b035a64. Worktree (banana, shared with #190).",BANANA,92,2,3,90,94,2026-05-29T12:50:14-10:00,false,2026-05-29T22:16:46Z,2026-05-29T22:50:23Z,true,false,false,false,false,3.333,10.0,3.23,30.23
191,Data: day-two re-run of the puzzle-velocity calibration analysis (notebook + new DATA role),DATA,,,22,,,2026-05-29T12:55:49-10:00,2026-05-29T13:17:48-10:00,,"Day-two re-run on the now-larger CSV (54-row calibration set vs ~36 day one). Duplicated stats/puzzle_velocity_analysis.ipynb -> stats/day-two-analysis.ipynb, same methodology for comparability, fully executed; all scope numbers recomputed live. NEW: §1 calendar-axis trend test (2 days now clear n>=5) + task-mix confound check; §7 auto-graduates per-role/test-loop hypotheses against the live power gate. Findings: bias STRONGER (51/54=94%% over-padded, sign-test p~1e-12); over-time axis now exists but raw rising trend (Spearman rho=+0.37,p=0.006) is most likely a task-MIX confound (day2 TEST-heavy; within-WRITER trend n.s.); per-role GRADUATED (TEST ~7.5x vs DEV ~2.6x; DEV-TEST p=0.008, TEST-WRITER p=0.022); LOC-null holds. New hypotheses: control for role before believing drift; TEST estimates want their own correction factor. Added DATA role code to docs/puzzle-velocity.md. Retroactive PDD puzzle (#191): no forward H/C estimate (ad-hoc analysis), wall-clock only; filed+closed same cycle. Refreshed stats/puzzle-velocity-enriched.csv via enrich.py. closed_commit empty per #186 single-commit protocol. Main session, no worktree (agent empty).",,,,,,,,,2026-05-29T23:17:45Z,2026-05-29T23:22:31Z,true,false,true,false,false,,,21.98,-21.93
192,Data hygiene: backfill RESEARCH/SPIKE/COMBO role codes + reclassify 3 mislabeled velocity rows,DATA,,,4,,,2026-05-29T13:29:39-10:00,2026-05-29T13:33:36-10:00,,"Curation follow-up to #191. Added RESEARCH/SPIKE/COMBO role codes to docs/puzzle-velocity.md and reclassified 3 rows (#171 PM->SPIKE, #186 RESEARCH->COMBO, #115 ARC->COMBO), each preserving its original tag inline in notes. Left #13/#151 as-is. COMBO chosen over a VAR/unknown code since nothing was genuinely unknown, just multi-role; COMBO rows sit below the n>=5 gate so notebook per-role analysis is unaffected. Applied via exact-string surgery on only the 4 affected rows (first attempt via csv.writer re-quoted 56 untouched rows -> reverted). Refreshed enriched CSV. Retroactive PDD puzzle filed+closed same cycle; closed_commit empty per #186 protocol. Main session, no worktree.",,,,,,,,,2026-05-29T23:33:48Z,,true,false,false,false,false,,,3.95,-4.15
